Zipcode,Page,NewUsed,Year,Make,Model,MSRP,Dealer_Price,Fuel_Type,Exterior_Color,City_MPG,Interior_Color,Highway_MPG,Drivetrain,Transmission,Liters,V,Mileage,Customer_Review,URL
92602,1,USED,2017,Chevrolet,Malibu Hybrid,,13588,Hybrid,Silver Ice Metallic,49,Jet Black,43,FWD,1-Speed Automatic,1.8,6,59250,4.6,https://www.cars.com/vehicledetail/detail/805463398/overview/
92602,1,USED,2017,Chrysler,Pacifica Touring-L,,16099,Gasoline,Bright White Clearcoat,19,Black,28,FWD,9-Speed Automatic,3.6,6,72198,4.6,https://www.cars.com/vehicledetail/detail/805453022/overview/
92602,1,USED,2001,Ford,Excursion XLT,,8995,Gasoline,Dark Satin Green Metallic,,Medium Graphite,,4WD,4-Speed Automatic,6.8,10,132820,4.6,https://www.cars.com/vehicledetail/detail/808418180/overview/
92602,1,USED,2016,Buick,Encore Sport Touring,,11799,Gasoline,Riverrock Metallic,28,Ebony,34,FWD,6-Speed Automatic,1.4,6,32769,4.7,https://www.cars.com/vehicledetail/detail/788387893/overview/
92602,1,NEW,2020,Nissan,Kicks S,,19255,Gasoline,Fresh Powder,31,Charcoal,36,FWD,Automatic CVT,1.6,6,0,4,https://www.cars.com/vehicledetail/detail/798514363/overview/
92602,1,NEW,2020,Ford,EcoSport S,,,Gasoline,Smoke Metallic,23,Medium Light Stone,29,FWD,6-Speed Automatic,1.0,2,3,4.2,https://www.cars.com/vehicledetail/detail/799654978/overview/
92602,1,USED,2019,Chevrolet,Equinox 1LT,,16199,Gasoline,Storm Blue Metallic,26,Jet Black,32,FWD,6-Speed Automatic,1.5,6,20113,4.6,https://www.cars.com/vehicledetail/detail/804963553/overview/
92602,1,USED,2007,Audi,RS 4,,22950,Gasoline,Phantom Black Pearl,14,Black,21,AWD,6-Speed Manual,4.2,8,117619,5,https://www.cars.com/vehicledetail/detail/805155518/overview/
92602,1,USED,2018,Bentley,Mulsanne Speed,,194500,Gasoline,Black Crystal Metallic,,Black,,RWD,Automatic,,,1449,,https://www.cars.com/vehicledetail/detail/807456546/overview/
92602,1,USED,2020,Lamborghini,Urus Base,,259878,Gasoline,Nero Noctis,12,Terra Asia Vintage,17,AWD,8-Speed Automatic,4.0,8,935,,https://www.cars.com/vehicledetail/detail/805403286/overview/
92602,1,USED,2020,Lamborghini,Huracan EVO Coupe,,289900,Gasoline,Grigio Lynx,13,Nero Ade,18,AWD,Automatic,,,2182,5,https://www.cars.com/vehicledetail/detail/803571411/overview/
92602,1,NEW,2020,Nissan,Rogue Sport SV,,23335,Gasoline,Gun Metallic,25,Charcoal,32,FWD,Variable,,,1,4.7,https://www.cars.com/vehicledetail/detail/806922762/overview/
92602,1,USED,2004,Mazda,RX-8 Sport Automatic,,5985,Gasoline,Brilliant Black Clearcoat,,Black / Chaparral,,RWD,4-Speed Automatic,1.3,,57748,4.2,https://www.cars.com/vehicledetail/detail/806036377/overview/
92602,1,USED,2015,Chevrolet,City Express 1LS,,13771,Gasoline,Designer White,24,Medium Pewter,26,FWD,Automatic CVT,2.0,6,30688,3.6,https://www.cars.com/vehicledetail/detail/806933865/overview/
92602,1,NEW,2019,Cadillac,XT4 Sport,,32300,Gasoline,Black Metallic,24,Jet Black,30,FWD,9-Speed Automatic,2.0,6,27,3.2,https://www.cars.com/vehicledetail/detail/800381580/overview/
92602,1,NEW,2020,Nissan,Versa 1.6 SV,,16558,Gasoline,Black,32,,40,FWD,Automatic CVT,1.6,6,10,4.6,https://www.cars.com/vehicledetail/detail/788462261/overview/
92602,1,NEW,2019,Cadillac,XT4 Premium Luxury,,36080,Gasoline,Black Metallic,24,Black,30,FWD,9-Speed Automatic,2.0,6,24,3.2,https://www.cars.com/vehicledetail/detail/800381700/overview/
92602,1,USED,2018,Hyundai,Sonata Sport 2.0T,,16799,Gasoline,Phantom Black,23,Graphite,32,FWD,8-Speed Automatic,2.0,6,12780,4.8,https://www.cars.com/vehicledetail/detail/793294622/overview/
92602,1,NEW,2019,Cadillac,XT4 Sport,,38285,Gasoline,Black Metallic,24,Jet Black,30,FWD,9-Speed Automatic,2.0,6,,3.2,https://www.cars.com/vehicledetail/detail/800381603/overview/
92602,1,USED,2018,Hyundai,Accent SE,,8980,Gasoline,Pomegranate Red,28,Black,37,FWD,6-Speed Automatic,1.6,6,45046,4.6,https://www.cars.com/vehicledetail/detail/796664341/overview/
92602,1,USED,2006,Bentley,Continental Flying Spur,,38888,Gasoline,Black,11,Tan,18,AWD,6-Speed Automatic,6.0,0,37618,5,https://www.cars.com/vehicledetail/detail/784936284/overview/
92602,1,NEW,2020,Nissan,Kicks SV,,20885,Gasoline,Brilliant Silver,31,Charcoal,36,FWD,Automatic CVT,1.6,6,0,4,https://www.cars.com/vehicledetail/detail/799712161/overview/
92602,1,NEW,2020,Nissan,Versa S,,15480,Gasoline,Fresh Powder,27,Charcoal,35,FWD,Manual,,,2,4.6,https://www.cars.com/vehicledetail/detail/806922582/overview/
92602,1,USED,2016,Mercedes-Benz,Maybach S S 600,,85995,Gasoline,Satin Black,13,Nut Brown / Black,20,RWD,7-Speed Automatic,6.0,12,23691,,https://www.cars.com/vehicledetail/detail/797289206/overview/
92602,1,NEW,2020,Nissan,Kicks SR,,22855,Gasoline,Gun Metallic,31,Charcoal,36,FWD,Automatic CVT,1.6,6,0,4,https://www.cars.com/vehicledetail/detail/798514365/overview/
92602,1,USED,2018,Alfa,Romeo 4C Base,,47800,Gasoline,Black,24,Brown,34,RWD,6-Speed Automatic with Auto-Shift,1.7,6,10142,5,https://www.cars.com/vehicledetail/detail/792239762/overview/
92602,1,USED,2001,Mercury,Grand Marquis LS,,4500,Gasoline,Gold,18,Tan,25,RWD,Automatic,,,44515,4.9,https://www.cars.com/vehicledetail/detail/806534655/overview/
92602,1,NEW,2020,Nissan,Versa 1.6 SV,,16558,Gasoline,Black,32,,40,FWD,Automatic CVT,1.6,6,4,4.6,https://www.cars.com/vehicledetail/detail/794285635/overview/
92602,1,NEW,2019,Cadillac,XT4 Sport,,33800,Gasoline,Black Metallic,24,Jet Black,30,AWD,9-Speed Automatic,2.0,6,19,3.2,https://www.cars.com/vehicledetail/detail/800381715/overview/
92602,1,NEW,2019,Mitsubishi,Outlander PHEV SEL,,31567,Hybrid,Rally Red Metallic,,Black,,4WD,1-Speed Automatic,2.0,6,7,4.6,https://www.cars.com/vehicledetail/detail/777175569/overview/
92602,1,NEW,2019,Cadillac,XT4 Premium Luxury,,35140,Gasoline,Radiant Silver Metallic,24,Black,30,AWD,9-Speed Automatic,2.0,6,3876,3.2,https://www.cars.com/vehicledetail/detail/800381716/overview/
92602,1,USED,2014,Hyundai,Equus Signature,,10999,Gasoline,Black Noir Pearl,15,Jet Black,23,RWD,8-Speed Automatic,5.0,8,38618,4.7,https://www.cars.com/vehicledetail/detail/791186210/overview/
92602,1,USED,2013,Kia,Rio LX,,6995,Gasoline,Silver,29,Black,37,FWD,6-Speed Automatic,1.6,6,69250,4.5,https://www.cars.com/vehicledetail/detail/789867388/overview/
92602,1,USED,2017,Genesis,G90 5.0 Ultimate,,34900,Gasoline,Santiago Silver,16,Black,24,RWD,8-Speed Automatic,5.0,8,40585,4.7,https://www.cars.com/vehicledetail/detail/804563617/overview/
92602,1,NEW,2020,Chevrolet,Spark LT,,16230,Gasoline,Summit White,,Jet Black/Dark Anderson Silver Metallic,,FWD,Automatic,,,4,4.9,https://www.cars.com/vehicledetail/detail/801932011/overview/
92602,1,USED,2017,Bentley,Bentayga W12,,145850,Gasoline,Onyx Metallic,12,Beluga,19,AWD,Automatic,,,26752,4.8,https://www.cars.com/vehicledetail/detail/791481206/overview/
92602,1,NEW,2019,Cadillac,XT4 Premium Luxury,,40495,Gasoline,Black Metallic,24,Black,30,AWD,9-Speed Automatic,2.0,6,2719,3.2,https://www.cars.com/vehicledetail/detail/800381709/overview/
92602,1,USED,2017,Acura,NSX Base,,125500,Hybrid,130r White,21,Red,22,AWD,9-Speed Automatic with Auto-Shift,3.5,6,2956,4.9,https://www.cars.com/vehicledetail/detail/807028250/overview/
92602,1,NEW,2020,Nissan,Versa S,,14515,Gasoline,Brilliant Silver Metallic,27,Charcoal,35,FWD,Manual,,,10,4.6,https://www.cars.com/vehicledetail/detail/806922709/overview/
92602,1,USED,2018,Hyundai,Sonata SEL,,13999,Gasoline,Quartz White Pearl,25,Gray,35,FWD,6-Speed Automatic,2.4,6,24934,4.8,https://www.cars.com/vehicledetail/detail/786383733/overview/
92602,1,NEW,2019,Cadillac,XT4 Sport,,34170,Gasoline,Crystal White,24,Jet Black,30,FWD,9-Speed Automatic,2.0,6,11,3.2,https://www.cars.com/vehicledetail/detail/800381733/overview/
92602,1,NEW,2019,Cadillac,XT4 Sport,,33570,Gasoline,Black Metallic,24,Jet Black,30,FWD,9-Speed Automatic,2.0,6,23,3.2,https://www.cars.com/vehicledetail/detail/800381588/overview/
92602,1,NEW,2019,Mitsubishi,Outlander PHEV SEL,,31038,Hybrid,Rally Red Metallic,,Black,,4WD,1-Speed Automatic,2.0,6,7,4.6,https://www.cars.com/vehicledetail/detail/777250453/overview/
92602,1,NEW,2019,Dodge,Journey Crossroad,,32695,Gasoline,Destroyer Gray Clearcoat,16,Black,24,FWD,Automatic,,,0,3.8,https://www.cars.com/vehicledetail/detail/789953635/overview/
92602,1,NEW,2020,Volvo,V60 Cross Country T5,,44836,Gasoline,Crystal White Pearl,22,Blond,31,AWD,8-Speed Automatic,2.0,6,0,4.4,https://www.cars.com/vehicledetail/detail/798492018/overview/
92602,1,USED,2005,Jeep,Liberty Limited,,4199,Gasoline,Black,17,Light Slate Gray,22,4WD,Automatic,3.7,6,114777,4.1,https://www.cars.com/vehicledetail/detail/798365910/overview/
92602,1,USED,2013,Scion,xD,,12590,Gasoline,Blue,,Black,,FWD,4-Speed Automatic,1.8,6,22692,4,https://www.cars.com/vehicledetail/detail/808468401/overview/?isShippableInsideSearchRadius
92602,1,NEW,2020,Nissan,Versa S,,16185,Gasoline,Super Black,27,Charcoal,35,FWD,Variable,,,0,4.6,https://www.cars.com/vehicledetail/detail/806922719/overview/
92602,1,NEW,2019,Buick,Envision Essence,,30188,Gasoline,Summit White,21,Ebony,27,FWD,6-Speed Automatic,2.5,6,10,4.7,https://www.cars.com/vehicledetail/detail/800381698/overview/
92602,1,USED,2018,Chevrolet,Malibu Hybrid,,15199,Hybrid,Blue Velvet Metallic,49,Jet Black,43,FWD,1-Speed Automatic,1.8,6,16250,4.9,https://www.cars.com/vehicledetail/detail/807263193/overview/
92602,1,USED,2016,Buick,Encore Base,,12599,Gasoline,Riverrock Metallic,23,Ebony,30,FWD,6-Speed Automatic,1.4,6,19824,4.7,https://www.cars.com/vehicledetail/detail/803551206/overview/
92602,1,NEW,2020,Cadillac,CT5 Sport AWD,,52650,Gasoline,Steel Metallic,21,Jet Black,31,AWD,10-Speed Automatic,2.0,6,,4.4,https://www.cars.com/vehicledetail/detail/807774808/overview/
92602,1,NEW,2020,Nissan,Versa 1.6 SV,,16707,Gasoline,Aspen White,32,,40,FWD,Automatic CVT,1.6,6,11,4.6,https://www.cars.com/vehicledetail/detail/786986693/overview/
92602,1,NEW,2020,Chrysler,Pacifica Limited,,39900,Gasoline,Silver,19,Black,28,FWD,9-Speed Automatic,3.6,6,2,4.8,https://www.cars.com/vehicledetail/detail/787432657/overview/
92602,1,NEW,2020,BMW,740i,,,Gasoline,Donington Gray Metallic,,Black,,RWD,Automatic,,,14,,https://www.cars.com/vehicledetail/detail/788330979/overview/
92602,1,NEW,2020,Nissan,Versa S,,17020,Gasoline,Super Black,27,Charcoal,35,FWD,Variable,,,2,4.6,https://www.cars.com/vehicledetail/detail/806922585/overview/
92602,1,NEW,2019,Cadillac,XT4 Sport,,36735,Gasoline,Black Metallic,24,Jet Black,30,FWD,9-Speed Automatic,2.0,6,,3.2,https://www.cars.com/vehicledetail/detail/800381608/overview/
92602,1,USED,2018,Buick,Encore Preferred,,14494,Gasoline,Gray,25,Black,33,FWD,6-Speed Automatic,1.4,6,19150,4.8,https://www.cars.com/vehicledetail/detail/802468873/overview/
92602,1,USED,2012,GMC,Yukon Hybrid Denali,,19995,Hybrid,Carbon Black Metallic,20,Ebony,23,4WD,Automatic CVT,6.0,8,91661,5,https://www.cars.com/vehicledetail/detail/786069392/overview/
92602,1,USED,2018,Alfa,Romeo Stelvio Ti,,32994,Gasoline,Rosso,22,Black,28,AWD,8-Speed Automatic,2.0,6,24944,4.5,https://www.cars.com/vehicledetail/detail/808260649/overview/
92602,1,USED,2014,Volkswagen,Jetta SportWagen TDI,,9499,Diesel,White,30,Titan Black,42,FWD,6-Speed Automatic with Auto-Shift,2.0,6,66630,4.7,https://www.cars.com/vehicledetail/detail/795170683/overview/
92602,1,NEW,2019,Ford,Transit-150 Base,,27579,Gasoline,Oxford White,,Pewter,,RWD,6-Speed Automatic with Overdrive,3.7,6,68,3.8,https://www.cars.com/vehicledetail/detail/789137772/overview/
92602,1,USED,2002,GMC,Savana 3500 Extended Wagon,,7995,Gasoline,White,,Grey,,RWD,Autoamtic,,,44910,,https://www.cars.com/vehicledetail/detail/808376056/overview/
92602,1,NEW,2020,Nissan,Versa 1.6 SV,,16908,Gasoline,Scarlet Ember,32,,40,FWD,Automatic CVT,1.6,6,15,4.6,https://www.cars.com/vehicledetail/detail/788890636/overview/
92602,1,USED,2014,Lamborghini,Aventador Roadster,,279900,Gasoline,Grigio Titans,,Nero Ade,,AWD,Automatic,,,24151,5,https://www.cars.com/vehicledetail/detail/805937312/overview/
92602,1,USED,2013,Honda,Civic LX,,6499,Gasoline,Crystal Black Pearl,28,Beige,36,FWD,5-Speed Automatic,1.8,6,62962,4.6,https://www.cars.com/vehicledetail/detail/805379500/overview/
92602,1,USED,2017,Ferrari,F12berlinetta,,218900,Gasoline,Rosso Corsa,12,Charcoal,16,RWD,7-Speed Automatic with Auto-Shift,6.3,12,16543,5,https://www.cars.com/vehicledetail/detail/794146839/overview/
92602,1,USED,2011,Toyota,Sienna XLE,,13750,Gasoline,Gold,16,Beige,22,FWD,6-Speed Automatic,3.5,6,64933,4.7,https://www.cars.com/vehicledetail/detail/798514378/overview/
92602,1,NEW,2019,Cadillac,XT4 Sport,,32615,Gasoline,Black Metallic,24,Jet Black,30,FWD,9-Speed Automatic,2.0,6,15,3.2,https://www.cars.com/vehicledetail/detail/800381752/overview/
92602,1,NEW,2019,Cadillac,XT4 Premium Luxury,,32335,Gasoline,Autumn,24,Black,30,FWD,9-Speed Automatic,2.0,6,,3.2,https://www.cars.com/vehicledetail/detail/800381720/overview/
92602,1,NEW,2020,Nissan,Versa 1.6 SV,,18637,Gasoline,Scarlet Ember,32,Graphite,40,FWD,Automatic CVT,1.6,6,14,4.6,https://www.cars.com/vehicledetail/detail/786986423/overview/
92602,1,NEW,2019,Cadillac,XT4 Sport,,31300,Gasoline,Black Metallic,24,Jet Black,30,FWD,9-Speed Automatic,2.0,6,13,3.2,https://www.cars.com/vehicledetail/detail/800381581/overview/
92602,1,USED,2013,Scion,tC,,8666,Gasoline,White,,Black,,FWD,6-Speed Automatic,2.5,6,65692,4.6,https://www.cars.com/vehicledetail/detail/778840405/overview/
92602,1,USED,2016,Audi,Q3 2.0T Premium Plus,,16599,Gasoline,Cuvee Silver Metallic,20,Chestnut Brown,29,FWD,6-Speed Automatic,2.0,6,32661,4.9,https://www.cars.com/vehicledetail/detail/798398344/overview/
92602,1,USED,2017,Volvo,XC90 Hybrid T8 Inscription,,46490,Hybrid,White,,,,AWD,8-Speed Automatic,2.0,6,48520,4.7,https://www.cars.com/vehicledetail/detail/808264548/overview/
92602,1,USED,2014,Jeep,Patriot Sport,,6990,Gasoline,Bright White Clearcoat,23,Light Pebble Beige / Dark Slate Gra,28,FWD,Automatic,2.4,6,77349,4.4,https://www.cars.com/vehicledetail/detail/807561752/overview/
92602,1,USED,2008,Mercury,Grand Marquis LS,,5995,E85 Flex Fuel,Light Blue,15,Tan,23,RWD,4-Speed Automatic,4.6,8,83477,4.5,https://www.cars.com/vehicledetail/detail/804407280/overview/
92602,1,NEW,2019,Mitsubishi,Outlander PHEV SEL,,31860,Hybrid,Pearl White,,Black,,4WD,1-Speed Automatic,2.0,6,7,4.6,https://www.cars.com/vehicledetail/detail/777175522/overview/
92602,2,NEW,2020,Nissan,Versa S,,15985,Gasoline,Brilliant Silver Metallic,27,Charcoal,35,FWD,Automatic CVT,1.6,6,10,4.6,https://www.cars.com/vehicledetail/detail/805104434/overview/
92602,2,USED,2004,Nissan,350Z Touring,,4490,Gasoline,Pikes Peak White Pearl,20,Charcoal,26,RWD,5-Speed Automatic,3.5,6,61598,4.8,https://www.cars.com/vehicledetail/detail/791214464/overview/
92602,2,NEW,2020,MINI,Hardtop Oxford Edition,,21270,Gasoline,Midnight Black Metallic,28,Carbon Black,36,FWD,7-Speed Automatic with Auto-Shift,1.5,2,10,,https://www.cars.com/vehicledetail/detail/808586190/overview/
92602,2,NEW,2019,Kia,Niro EV EX Premium,,,Electric,Snow White Pearl,123,Charcoal,102,FWD,1-Speed Automatic,1.6,,15,5,https://www.cars.com/vehicledetail/detail/782515869/overview/
92602,2,NEW,2020,Nissan,Versa SV,,17875,Gasoline,Scarlet Ember Pearl Metallic,32,Graphite,40,FWD,Variable,,,2,4.6,https://www.cars.com/vehicledetail/detail/806922593/overview/
92602,2,USED,2019,Chrysler,Pacifica Hybrid Limited,,39000,Hybrid,Bright White Clearcoat,,Black,,FWD,1-Speed Automatic,3.6,6,10855,4.2,https://www.cars.com/vehicledetail/detail/805394875/overview/
92602,2,NEW,2020,Cadillac,CT5 Luxury RWD,,35789,Gasoline,Black Raven,23,Jet Black,32,RWD,10-Speed Automatic,2.0,6,,4.4,https://www.cars.com/vehicledetail/detail/805220157/overview/
92602,2,USED,2011,Bentley,Continental Supersports Base,,74998,E85 Flex Fuel,Black,12,Black,19,AWD,6-Speed Automatic,6.0,8,22805,3.7,https://www.cars.com/vehicledetail/detail/793849988/overview/
92602,2,NEW,2020,Hyundai,Ioniq Hybrid Blue,,23459,Hybrid,Ceramic White,57,Black,59,FWD,6-Speed Automatic with Auto-Shift,1.6,6,10,5,https://www.cars.com/vehicledetail/detail/806179349/overview/
92602,2,NEW,2020,Nissan,Kicks SV,,20740,Gasoline,Aspen White,31,Charcoal,36,FWD,Automatic CVT,1.6,6,0,4,https://www.cars.com/vehicledetail/detail/796989443/overview/
92602,2,NEW,2020,Cadillac,Escalade ESV Luxury,,76541,Gasoline,Black Raven,14,Black,23,RWD,10-Speed Automatic,6.2,8,,5,https://www.cars.com/vehicledetail/detail/802805226/overview/
92602,2,NEW,2019,Hyundai,Ioniq Hybrid Limited,,27128,Hybrid,Symphony Air Silver,55,Beige,54,FWD,6-Speed Automatic with Auto-Shift,1.6,6,16,4.3,https://www.cars.com/vehicledetail/detail/761135982/overview/
92602,2,NEW,2020,Nissan,Kicks SV,,20345,Gasoline,Deep Blue Pearl,31,Charcoal,36,FWD,Automatic CVT,1.6,6,0,4,https://www.cars.com/vehicledetail/detail/796989444/overview/
92602,2,NEW,2020,Cadillac,CT5 Sport AWD,,52600,Gasoline,Steel Metallic,21,Jet Black,31,AWD,10-Speed Automatic,2.0,6,,4.4,https://www.cars.com/vehicledetail/detail/806990438/overview/
92602,2,NEW,2019,Aston,Martin DB11 V8,,,Gasoline,Gray,,Royal Mint,,RWD,8-Speed Automatic,4.0,8,69,,https://www.cars.com/vehicledetail/detail/768972437/overview/
92602,2,NEW,2020,Hyundai,Ioniq Hybrid Blue,,23170,Hybrid,Summit White,57,Dark Gray,59,FWD,6-Speed Automatic with Auto-Shift,1.6,6,10,5,https://www.cars.com/vehicledetail/detail/801122630/overview/
92602,2,NEW,2019,Nissan,Kicks SR,,17749,Gasoline,Cayenne Red / Super Black,31,Charcoal,36,FWD,Automatic CVT,1.6,6,7,4.4,https://www.cars.com/vehicledetail/detail/808299280/overview/
92602,2,NEW,2020,Buick,Envision Preferred,,30440,Gasoline,Satin Steel Gray Metallic,21,Light Neutral,27,FWD,6-Speed Automatic,2.5,6,,4.8,https://www.cars.com/vehicledetail/detail/802084419/overview/
92602,2,NEW,2020,Nissan,Rogue Sport SL,,27370,Gasoline,Magnetic Black Pearl,25,Charcoal,32,FWD,Variable,,,1,4.7,https://www.cars.com/vehicledetail/detail/806922722/overview/
92602,2,USED,2012,Toyota,Prius v Five,,9499,Hybrid,Silver,44,Gray,40,FWD,Automatic CVT,1.8,6,134271,4.7,https://www.cars.com/vehicledetail/detail/805174353/overview/
92602,2,NEW,2020,Nissan,Rogue Sport SV,,24275,Gasoline,Pearl White Tricoat,25,Charcoal,32,FWD,Variable,,,2,4.7,https://www.cars.com/vehicledetail/detail/808440524/overview/
92602,2,NEW,2019,Cadillac,XT4 Sport,,38285,Gasoline,Black Metallic,24,Jet Black,30,FWD,9-Speed Automatic,2.0,6,12,3.2,https://www.cars.com/vehicledetail/detail/800381602/overview/
92602,2,NEW,2019,Mitsubishi,Outlander PHEV SEL,,31597,Hybrid,Rally Red Metallic,,Black,,4WD,1-Speed Automatic,2.0,6,7,4.6,https://www.cars.com/vehicledetail/detail/778068164/overview/
92602,2,NEW,2020,Chevrolet,Bolt EV LT,,25965,Electric,Slate Gray Metallic,127,Dark Galvanized/Sky Cool Gray,108,FWD,Automatic,,,2,4.6,https://www.cars.com/vehicledetail/detail/805473583/overview/
92602,2,USED,2006,Nissan,350Z Touring,,6985,Gasoline,Silverstone Metallic,19,Carbon,25,RWD,5-Speed Automatic,3.5,6,150186,4.7,https://www.cars.com/vehicledetail/detail/797121821/overview/
92602,2,NEW,2020,Cadillac,CT5 Premium Luxury RWD,,43718,Gasoline,Shadow,23,Jet Black,32,RWD,10-Speed Automatic,2.0,6,,4.4,https://www.cars.com/vehicledetail/detail/805656352/overview/
92602,2,NEW,2020,Nissan,Kicks S,,19255,Gasoline,Gun Metallic,31,Charcoal,36,FWD,Automatic CVT,1.6,6,0,4,https://www.cars.com/vehicledetail/detail/798792815/overview/
92602,2,NEW,2020,Nissan,Versa SV,,17640,Gasoline,Aspen White Tricoat Pearl,32,Graphite,40,FWD,Variable,,,2,4.6,https://www.cars.com/vehicledetail/detail/806922732/overview/
92602,2,NEW,2020,Toyota,Corolla Hybrid LE,,24183,Hybrid,Blizzard Pearl,53,Light Gray,52,FWD,Variable,,,6,4.6,https://www.cars.com/vehicledetail/detail/807744134/overview/
92602,2,NEW,2020,Nissan,Kicks SV,,21345,Gasoline,Deep Blue Pearl / Fresh Powder,31,Charcoal,36,FWD,Automatic CVT,1.6,6,0,4,https://www.cars.com/vehicledetail/detail/796921481/overview/
92602,2,NEW,2020,Nissan,Kicks SV,,20479,Gasoline,Brilliant Silver,31,Charcoal,36,FWD,Automatic CVT,1.6,6,25,4,https://www.cars.com/vehicledetail/detail/799465659/overview/
92602,2,NEW,2020,Nissan,Versa SV,,17905,Gasoline,Aspen White Tricoat Pearl,32,Graphite,40,FWD,Variable,,,2,4.6,https://www.cars.com/vehicledetail/detail/806922589/overview/
92602,2,NEW,2020,Nissan,Versa 1.6 SR,,18540,Gasoline,Aspen White,32,Gray,40,FWD,Automatic CVT,1.6,6,0,4.6,https://www.cars.com/vehicledetail/detail/792829342/overview/
92602,2,NEW,2020,Nissan,Versa 1.6 SR,,17491,Gasoline,Monarch Orange,32,Gray,40,FWD,Automatic CVT,1.6,6,6,4.6,https://www.cars.com/vehicledetail/detail/793658331/overview/
92602,2,NEW,2019,Cadillac,XT4 Premium Luxury,,32655,Gasoline,Black Metallic,24,Black,30,FWD,9-Speed Automatic,2.0,6,3152,3.2,https://www.cars.com/vehicledetail/detail/800381703/overview/
92602,2,NEW,2020,Volvo,V60 Cross Country T5,,44836,Gasoline,Pebble Gray,22,Charcoal,31,AWD,8-Speed Automatic,2.0,6,0,4.4,https://www.cars.com/vehicledetail/detail/785051839/overview/
92602,2,NEW,2020,Nissan,Kicks SR,,23310,Gasoline,Aspen White / Super Black,31,Charcoal,36,FWD,Automatic CVT,1.6,6,0,4,https://www.cars.com/vehicledetail/detail/796989314/overview/
92602,2,USED,2018,Land Rover,Range Rover Sport HSE Dynamic,,63952,Gasoline,Fuji White,17,Pimento/Eb/Eb/Pim/Cirrus,23,4WD,Automatic,,,35575,3.7,https://www.cars.com/vehicledetail/detail/807935260/overview/
92602,2,NEW,2020,Nissan,Versa 1.6 SR,,17491,Gasoline,Monarch Orange,32,Gray,40,FWD,Automatic CVT,1.6,6,12,4.6,https://www.cars.com/vehicledetail/detail/787062807/overview/
92602,2,NEW,2019,Cadillac,XT4 Sport,,39365,Gasoline,Black Metallic,24,Jet Black,30,AWD,9-Speed Automatic,2.0,6,153,3.2,https://www.cars.com/vehicledetail/detail/800381740/overview/
92602,2,NEW,2019,Cadillac,XT4 Premium Luxury,,33835,Gasoline,Twilight Blue Metallic,24,Black,30,FWD,9-Speed Automatic,2.0,6,2373,3.2,https://www.cars.com/vehicledetail/detail/800381596/overview/
92602,2,USED,2017,Bentley,Bentayga W12,,141995,Gasoline,Onyx Metallic,12,Beluga,19,AWD,Automatic,,,11841,4.8,https://www.cars.com/vehicledetail/detail/800225541/overview/
92602,2,NEW,2019,Cadillac,XT4 Sport,,33171,Gasoline,Autumn,24,Jet Black,30,FWD,9-Speed Automatic,2.0,6,3519,3.2,https://www.cars.com/vehicledetail/detail/800484168/overview/
92602,2,NEW,2020,Aston,Martin DB11 AMR,,,Gasoline,Gray,15,Chancellor Red,22,RWD,8-Speed Automatic,5.2,12,85,,https://www.cars.com/vehicledetail/detail/793879840/overview/
92602,2,NEW,2020,Volvo,V60 Cross Country T5,,44229,Gasoline,Ice White,22,Blond,31,AWD,8-Speed Automatic,2.0,6,0,4.4,https://www.cars.com/vehicledetail/detail/792070611/overview/
92602,2,USED,2019,Ferrari,488 Pista,,435000,Gasoline,Tour De France Blue,15,Cioccolato,20,RWD,7-Speed Automatic with Auto-Shift,3.9,8,1116,,https://www.cars.com/vehicledetail/detail/804096933/overview/
92602,2,NEW,2020,Nissan,Kicks SV,,20479,Gasoline,Brilliant Silver,31,Charcoal,36,FWD,Automatic CVT,1.6,6,25,4,https://www.cars.com/vehicledetail/detail/797006671/overview/
92602,2,USED,2017,Ford,Transit-150 XL BACKUP CAMERA,,24199,E85 Flex Fuel,Silver,,Charcoal,,RWD,6-Speed Automatic,3.7,6,14563,4.3,https://www.cars.com/vehicledetail/detail/805453014/overview/
92602,2,NEW,2019,Mitsubishi,Outlander PHEV SEL,,31702,Hybrid,Rally Red Metallic,,Black,,4WD,1-Speed Automatic,2.0,6,7,4.6,https://www.cars.com/vehicledetail/detail/778697708/overview/
92602,2,NEW,2020,Nissan,Versa S,,15985,Gasoline,Brilliant Silver Metallic,27,Charcoal,35,FWD,Automatic CVT,1.6,6,10,4.6,https://www.cars.com/vehicledetail/detail/805104385/overview/
92602,2,USED,2020,BMW,X7 xDrive40i,,68088,Gasoline,Jet Black,20,Black,25,AWD,8-Speed Automatic,3.0,4,4642,4.9,https://www.cars.com/vehicledetail/detail/806980930/overview/
92602,2,NEW,2020,Nissan,Versa S,,15985,Gasoline,Cloud White,27,Charcoal,35,FWD,Automatic CVT,1.6,6,10,4.6,https://www.cars.com/vehicledetail/detail/803554580/overview/
92602,2,USED,2003,Hummer,H2,,19799,Gasoline,Black,,Wheat,,4WD,4-Speed Automatic,6.0,8,45800,4.6,https://www.cars.com/vehicledetail/detail/799461865/overview/
92602,2,NEW,2020,Kia,Niro EX Premium,,,Hybrid,Deep Cerulean,51,Light Gray,46,FWD,6-Speed Automatic with Auto-Shift,1.6,6,14,4,https://www.cars.com/vehicledetail/detail/806796950/overview/
92602,2,NEW,2020,Nissan,Versa S,,15985,Gasoline,Brilliant Silver Metallic,27,Charcoal,35,FWD,Automatic CVT,1.6,6,10,4.6,https://www.cars.com/vehicledetail/detail/804137509/overview/
92602,2,USED,2015,Dodge,Dart SXT,,7500,Gasoline,Pitch Black,22,,35,FWD,6-Speed Automatic,2.4,6,68851,4.3,https://www.cars.com/vehicledetail/detail/808312512/overview/
92602,2,NEW,2020,Nissan,Versa S,,14545,Gasoline,Cloud White,27,Charcoal,35,FWD,5-Speed Manual,1.6,6,0,4.6,https://www.cars.com/vehicledetail/detail/796318672/overview/
92602,2,NEW,2020,Nissan,Kicks SV,,21345,Gasoline,Cayenne Red / Super Black,31,Charcoal,36,FWD,Automatic CVT,1.6,6,0,4,https://www.cars.com/vehicledetail/detail/796989450/overview/
92602,2,NEW,2020,Nissan,Kicks SV,,20345,Gasoline,Cayenne Red,31,Charcoal,36,FWD,Automatic CVT,1.6,6,0,4,https://www.cars.com/vehicledetail/detail/796989446/overview/
92602,2,USED,2017,Nissan,Sentra S,,6980,Gasoline,Cloud White,27,Pewter,35,FWD,6-Speed Manual,1.8,6,50328,4.7,https://www.cars.com/vehicledetail/detail/805062362/overview/
92602,2,USED,2017,smart,ForTwo Passion,,8992,Gasoline,Titania Gray Matte,31,Black,39,RWD,5-Speed Manual,1.0,2,18754,4.2,https://www.cars.com/vehicledetail/detail/806121142/overview/
92602,2,NEW,2020,Nissan,Versa 1.6 SR,,18380,Gasoline,Gun Metallic,32,Gray,40,FWD,Automatic CVT,1.6,6,0,4.6,https://www.cars.com/vehicledetail/detail/793469013/overview/
92602,2,USED,2016,Chevrolet,Cruze Limited LS,,7299,Gasoline,Black Granite Metallic,25,Jet Black / Medium Titanium,36,FWD,6-Speed Automatic,1.8,6,35126,4.7,https://www.cars.com/vehicledetail/detail/806167272/overview/
92602,2,NEW,2020,Nissan,Kicks S,,19255,Gasoline,Fresh Powder,31,Charcoal,36,FWD,Automatic CVT,1.6,6,0,4,https://www.cars.com/vehicledetail/detail/804018613/overview/
92602,2,USED,2019,RAM,ProMaster 2500 High Roof,,22100,Gasoline,Bright White Clearcoat,,Black,,FWD,6-Speed Automatic,3.6,6,35428,4.5,https://www.cars.com/vehicledetail/detail/805827670/overview/
92602,2,NEW,2020,Nissan,Kicks SV,,21095,Gasoline,Gun Metallic,31,Charcoal,36,FWD,Automatic CVT,1.6,6,0,4,https://www.cars.com/vehicledetail/detail/796764577/overview/
92602,2,USED,2005,Ford,Excursion Eddie Bauer,,13995,Gasoline,Oxford White,,Medium Pebble,,RWD,4-Speed Automatic,6.8,10,118935,4.4,https://www.cars.com/vehicledetail/detail/803059312/overview/
92602,2,NEW,2020,Volvo,V60 Cross Country T5,,48126,Gasoline,Crystal White Pearl,22,Charcoal,31,AWD,8-Speed Automatic,2.0,6,0,4.4,https://www.cars.com/vehicledetail/detail/789925705/overview/
92602,2,NEW,2020,Nissan,Kicks SR,,22715,Gasoline,Super Black,31,Charcoal,36,FWD,Automatic CVT,1.6,6,0,4,https://www.cars.com/vehicledetail/detail/796922239/overview/
92602,2,NEW,2020,Nissan,Versa 1.6 SR,,17141,Gasoline,Electric Blue Metallic,32,Gray,40,FWD,Automatic CVT,1.6,6,11,4.6,https://www.cars.com/vehicledetail/detail/787062685/overview/
92602,2,NEW,2020,Nissan,Kicks SR,,20804,Gasoline,Brilliant Silver,31,Charcoal,36,FWD,Automatic CVT,1.6,6,25,4,https://www.cars.com/vehicledetail/detail/799465661/overview/
92602,2,USED,2018,Chrysler,Pacifica Touring Plus,,19199,E85 Flex Fuel,Brilliant Black Crystal Pearlcoat,19,Black,28,FWD,9-Speed Automatic,3.6,6,37202,4.6,https://www.cars.com/vehicledetail/detail/805360321/overview/
92602,2,USED,2017,Chevrolet,Trax LS,,9799,Gasoline,Silver Ice Metallic,25,Jet Black,33,FWD,6-Speed Automatic,1.4,6,23097,4.6,https://www.cars.com/vehicledetail/detail/785118940/overview/
92602,2,USED,2017,Dodge,Journey SXT,,9950,Gasoline,Vice White,19,Black / Red,25,FWD,Automatic,3.6,6,57533,4.7,https://www.cars.com/vehicledetail/detail/803062552/overview/
92602,2,NEW,2020,Nissan,Versa 1.6 SV,,16558,Gasoline,Black,32,,40,FWD,Automatic CVT,1.6,6,5,4.6,https://www.cars.com/vehicledetail/detail/794580743/overview/
92602,2,NEW,2020,Volvo,V60 Cross Country T5,,48126,Gasoline,Crystal White Pearl,22,Amber,31,AWD,8-Speed Automatic,2.0,6,0,4.4,https://www.cars.com/vehicledetail/detail/791727227/overview/
92602,2,NEW,2020,Nissan,Kicks SV,,20345,Gasoline,Gun Metallic,31,Charcoal,36,FWD,Automatic CVT,1.6,6,0,4,https://www.cars.com/vehicledetail/detail/796989449/overview/
92602,2,NEW,2020,Volvo,V60 Cross Country T5,,,Gasoline,Ice White,22,Amber,31,AWD,8-Speed Automatic,2.0,6,14,4.4,https://www.cars.com/vehicledetail/detail/797793205/overview/
92602,2,USED,2015,Kia,Forte Koup SX,,10299,Gasoline,Racing Red,22,Black,29,FWD,6-Speed Automatic,1.6,6,33376,5,https://www.cars.com/vehicledetail/detail/797608035/overview/
92602,2,NEW,2020,Nissan,Versa 1.6 SR,,18410,Gasoline,Black,32,Gray,40,FWD,Automatic CVT,1.6,6,0,4.6,https://www.cars.com/vehicledetail/detail/796318588/overview/
92602,2,NEW,2020,Nissan,Kicks SV,,21690,Gasoline,Aspen White / Super Black,31,Charcoal,36,FWD,Automatic CVT,1.6,6,0,4,https://www.cars.com/vehicledetail/detail/796921370/overview/
92602,2,NEW,2020,Nissan,Kicks SV,,23190,Gasoline,Gun Metallic,31,Charcoal,36,FWD,Automatic CVT,1.6,6,0,4,https://www.cars.com/vehicledetail/detail/796922240/overview/
92602,2,NEW,2020,Cadillac,CT5 Sport RWD,,49682,Gasoline,Steel Metallic,23,Jet Black,32,RWD,10-Speed Automatic,2.0,6,,4.4,https://www.cars.com/vehicledetail/detail/802805218/overview/
92602,3,NEW,2020,Nissan,Kicks SV,,21480,Gasoline,Aspen White / Super Black,31,Charcoal,36,FWD,Automatic CVT,1.6,6,0,4,https://www.cars.com/vehicledetail/detail/804018786/overview/
92602,3,NEW,2020,BMW,X6 M Competition,,127295,Gasoline,Bay Blue,13,Black,18,AWD,8-Speed Automatic,4.4,8,10,,https://www.cars.com/vehicledetail/detail/806982963/overview/
92602,3,USED,2016,Chevrolet,Equinox LT,,12599,Gasoline,Tungsten Metallic,22,Light Titanium / Jet Black,32,FWD,6-Speed Automatic,2.4,6,44690,4.7,https://www.cars.com/vehicledetail/detail/806750073/overview/
92602,3,NEW,2020,Nissan,Kicks SV,,23755,Gasoline,Cayenne Red/Super Black,31,Charcoal,36,FWD,Variable,,,2,4,https://www.cars.com/vehicledetail/detail/806922563/overview/
92602,3,USED,2016,Hyundai,Elantra Limited,,10880,Gasoline,Black Diamond,28,Beige,38,FWD,6-Speed Automatic,1.8,6,26195,4.6,https://www.cars.com/vehicledetail/detail/804235084/overview/
92602,3,NEW,2020,Nissan,Versa S,,15985,Gasoline,Brilliant Silver Metallic,27,Charcoal,35,FWD,Automatic CVT,1.6,6,10,4.6,https://www.cars.com/vehicledetail/detail/805104385/overview/
92602,3,NEW,2020,Nissan,Versa S,,16243,Gasoline,Gun Metallic,27,Charcoal,35,FWD,Automatic CVT,1.6,6,10,4.6,https://www.cars.com/vehicledetail/detail/802892146/overview/
92602,3,NEW,2020,Nissan,Versa 1.6 SV,,16558,Gasoline,Black,32,,40,FWD,Automatic CVT,1.6,6,4,4.6,https://www.cars.com/vehicledetail/detail/794285635/overview/
92602,3,USED,2017,Mercedes-Benz,C 300,,18990,Gasoline,Black,24,Black,34,RWD,Automatic,,,44365,4.8,https://www.cars.com/vehicledetail/detail/801622575/overview/?isShippableInsideSearchRadius
92602,3,USED,2020,BMW,X7 xDrive40i,,68088,Gasoline,Jet Black,20,Black,25,AWD,8-Speed Automatic,3.0,4,4642,4.9,https://www.cars.com/vehicledetail/detail/806980930/overview/
92602,3,NEW,2019,Buick,Envision Essence,,28407,Gasoline,Summit White,21,Ebony,27,FWD,6-Speed Automatic,2.5,6,9,4.7,https://www.cars.com/vehicledetail/detail/800381571/overview/
92602,3,NEW,2020,Cadillac,CT5 Sport RWD,,48297,Gasoline,Crystal White,23,Jet Black,32,RWD,10-Speed Automatic,2.0,6,,4.4,https://www.cars.com/vehicledetail/detail/802805254/overview/
92602,3,NEW,2020,Nissan,Kicks SR,,22855,Gasoline,Brilliant Silver,31,Charcoal,36,FWD,Automatic CVT,1.6,6,0,4,https://www.cars.com/vehicledetail/detail/796921375/overview/
92602,3,NEW,2020,Nissan,Rogue Sport SL,,29650,Gasoline,Gun Metallic,25,Charcoal,32,FWD,Variable,,,1,4.7,https://www.cars.com/vehicledetail/detail/806922753/overview/
92602,3,NEW,2020,Nissan,Versa S,,16243,Gasoline,Gun Metallic,27,Charcoal,35,FWD,Automatic CVT,1.6,6,10,4.6,https://www.cars.com/vehicledetail/detail/803929557/overview/
92602,3,NEW,2020,Nissan,Versa S,,15985,Gasoline,Gun Metallic,27,Charcoal,35,FWD,Automatic CVT,1.6,6,10,4.6,https://www.cars.com/vehicledetail/detail/804137554/overview/
92602,3,NEW,2020,Nissan,Versa 1.6 SV,,18637,Gasoline,Scarlet Ember,32,Graphite,40,FWD,Automatic CVT,1.6,6,14,4.6,https://www.cars.com/vehicledetail/detail/786986423/overview/
92602,3,NEW,2020,Buick,Envision Preferred,,30440,Gasoline,Satin Steel Gray Metallic,21,Light Neutral,27,FWD,6-Speed Automatic,2.5,6,,4.8,https://www.cars.com/vehicledetail/detail/802084419/overview/
92602,3,USED,2018,Hyundai,Elantra SE,,12199,Gasoline,Symphony Silver,26,Gray,36,FWD,6-Speed Automatic,2.0,6,21326,4.8,https://www.cars.com/vehicledetail/detail/807905657/overview/
92602,3,NEW,2020,Land Rover,Discovery Sport S,,,Gasoline,Eiger Grey,19,Ebony,24,4WD,Automatic,,,10,5,https://www.cars.com/vehicledetail/detail/806402835/overview/
92602,3,USED,2006,Chevrolet,HHR LT,,7981,Gasoline,Silverstone Metallic,23,Gray,30,FWD,4-Speed Automatic,2.2,6,38125,4.3,https://www.cars.com/vehicledetail/detail/807092807/overview/
92602,3,NEW,2020,Kia,Niro EX Premium,,,Hybrid,Snow White Pearl,51,Light Gray,46,FWD,6-Speed Automatic with Auto-Shift,1.6,6,10,4,https://www.cars.com/vehicledetail/detail/806797056/overview/
92602,3,USED,2019,Lamborghini,Aventador S Base,,419900,Gasoline,Nero Aldebaran,9,Nero Ade,15,AWD,Automatic,,,1107,,https://www.cars.com/vehicledetail/detail/803766304/overview/
92602,3,NEW,2020,Nissan,Kicks SV,,20885,Gasoline,Super Black,31,Charcoal,36,FWD,Automatic CVT,1.6,6,0,4,https://www.cars.com/vehicledetail/detail/799712155/overview/
92602,3,NEW,2020,MINI,Hardtop Oxford Edition,,22270,Gasoline,Pepper White,28,Carbon Black,36,FWD,7-Speed Automatic with Auto-Shift,1.5,2,10,,https://www.cars.com/vehicledetail/detail/808586294/overview/
92602,3,USED,2013,Scion,xB RELEASE SERIES 10.0 NATL,,10990,Gasoline,Silver,,Gray,,FWD,4-Speed Automatic,2.4,6,65496,4.7,https://www.cars.com/vehicledetail/detail/799431236/overview/
92602,3,USED,2016,Chevrolet,Volt LT,,12799,Hybrid,Summit White,,Jet Black,,FWD,1-Speed Automatic,1.5,6,44950,4.8,https://www.cars.com/vehicledetail/detail/807537601/overview/
92602,3,NEW,2020,Nissan,Rogue Sport SV,,24275,Gasoline,Monarch Orange Metallic,25,Charcoal,32,FWD,Variable,,,1,4.7,https://www.cars.com/vehicledetail/detail/806922725/overview/
92602,3,NEW,2019,Mitsubishi,Outlander PHEV SEL,,31756,Hybrid,Rally Red Metallic,,Black,,4WD,1-Speed Automatic,2.0,6,7,4.6,https://www.cars.com/vehicledetail/detail/778698589/overview/
92602,3,NEW,2020,Nissan,Kicks SR,,22715,Gasoline,Cayenne Red,31,Charcoal,36,FWD,Automatic CVT,1.6,6,0,4,https://www.cars.com/vehicledetail/detail/796921459/overview/
92602,3,NEW,2020,Kia,Niro LXS,,,Hybrid,Snow White Pearl,51,Charcoal,46,FWD,6-Speed Automatic with Auto-Shift,1.6,6,11,4,https://www.cars.com/vehicledetail/detail/806520939/overview/
92602,3,USED,2017,Chevrolet,Volt LT,,15188,Hybrid,Silver Ice Metallic,,Light Ash,,FWD,1-Speed Automatic,1.5,6,18810,4.8,https://www.cars.com/vehicledetail/detail/804738747/overview/
92602,3,USED,2012,Dodge,Grand Caravan SXT,,6900,E85 Flex Fuel,Bright Silver Metallic,17,Black / Light Graystone,25,FWD,Automatic,3.6,6,75899,4.1,https://www.cars.com/vehicledetail/detail/808383122/overview/
92602,3,NEW,2020,Cadillac,CT5 Premium Luxury RWD,,43718,Gasoline,Shadow,23,Jet Black,32,RWD,10-Speed Automatic,2.0,6,,4.4,https://www.cars.com/vehicledetail/detail/805656352/overview/
92602,3,NEW,2020,Nissan,Versa 1.6 SV,,16707,Gasoline,Aspen White,32,,40,FWD,Automatic CVT,1.6,6,11,4.6,https://www.cars.com/vehicledetail/detail/786986693/overview/
92602,3,NEW,2020,Aston,Martin DB11 V8,,,Gasoline,Pentland Green,18,Chestnut Tan,24,RWD,8-Speed Automatic,4.0,8,145,,https://www.cars.com/vehicledetail/detail/798892812/overview/
92602,3,USED,2020,Lamborghini,Huracan EVO,,279888,Gasoline,Marrone Apus Matt,13,Nero Ade/Arancio Leonis,18,AWD,Automatic,,,1545,5,https://www.cars.com/vehicledetail/detail/808208548/overview/
92602,3,NEW,2020,Ford,EcoSport S,,,Gasoline,Diamond White,23,Medium Light Stone,29,FWD,6-Speed Automatic,1.0,2,3,4.2,https://www.cars.com/vehicledetail/detail/799654971/overview/
92602,3,USED,2011,Lamborghini,Gallardo Superleggera,,164900,Gasoline,Verde Ithaca,,Black,,4WD,Automatic,5.2,10,26054,4.9,https://www.cars.com/vehicledetail/detail/806794426/overview/
92602,3,NEW,2020,Nissan,Kicks S,,19255,Gasoline,Fresh Powder,31,Charcoal,36,FWD,Automatic CVT,1.6,6,0,4,https://www.cars.com/vehicledetail/detail/803379305/overview/
92602,3,USED,2016,Ford,Taurus SHO,,24481,Gasoline,Magnetic Metallic,16,Charcoal Black,24,AWD,6-Speed Automatic,3.5,6,27803,4.8,https://www.cars.com/vehicledetail/detail/805746594/overview/
92602,3,USED,2018,Mercedes-Benz,AMG GLC 63 Base 4MATIC,,62981,Gasoline,Black,16,Black,22,AWD,9-Speed Automatic,4.0,8,7994,5,https://www.cars.com/vehicledetail/detail/805407846/overview/
92602,3,USED,2019,Honda,Passport Touring,,31630,Gasoline,Red,20,Gray,25,FWD,Automatic,,,3928,4.5,https://www.cars.com/vehicledetail/detail/803267628/overview/?isShippableInsideSearchRadius
92602,3,NEW,2020,Nissan,Versa SR,,20175,Gasoline,Gun Metallic,32,Sport Interior,40,FWD,Variable,,,1,4.6,https://www.cars.com/vehicledetail/detail/806922604/overview/
92602,3,NEW,2020,Cadillac,XT5 Premium Luxury,,48954,Gasoline,Black Metallic,21,Black,28,FWD,9-Speed Automatic,3.6,6,,5,https://www.cars.com/vehicledetail/detail/801652992/overview/
92602,3,USED,2005,Ford,Excursion Eddie Bauer,,13995,Gasoline,Oxford White,,Medium Pebble,,RWD,4-Speed Automatic,6.8,10,118935,4.4,https://www.cars.com/vehicledetail/detail/803059312/overview/
92602,3,NEW,2019,Mitsubishi,Outlander PHEV SEL,,31702,Hybrid,Rally Red Metallic,,Black,,4WD,1-Speed Automatic,2.0,6,7,4.6,https://www.cars.com/vehicledetail/detail/778697708/overview/
92602,3,NEW,2020,Nissan,Rogue Sport SV,,23670,Gasoline,Magnetic Black Pearl,25,Charcoal,32,FWD,Variable,,,1,4.7,https://www.cars.com/vehicledetail/detail/806922761/overview/
92602,3,NEW,2020,Nissan,Kicks SV,,21485,Gasoline,Cayenne Red / Super Black,31,Charcoal,36,FWD,Automatic CVT,1.6,6,0,4,https://www.cars.com/vehicledetail/detail/804287419/overview/
92602,3,NEW,2020,Nissan,Rogue Sport SV,,23730,Gasoline,Scarlet Ember Tintcoat,25,Charcoal,32,FWD,Variable,,,1,4.7,https://www.cars.com/vehicledetail/detail/806922744/overview/
92602,3,NEW,2020,Nissan,Kicks SV,,20535,Gasoline,Cayenne Red Metallic,31,Charcoal,36,FWD,Variable,,,2,4,https://www.cars.com/vehicledetail/detail/806922681/overview/
92602,3,USED,2016,Lexus,RC 200t Base,,24795,Gasoline,Silver Lining Metallic,22,Black,32,RWD,8-Speed Automatic,2.0,6,28493,4.8,https://www.cars.com/vehicledetail/detail/798970775/overview/
92602,3,NEW,2020,Nissan,Versa S,,15985,Gasoline,Brilliant Silver Metallic,27,Charcoal,35,FWD,Automatic CVT,1.6,6,10,4.6,https://www.cars.com/vehicledetail/detail/805104434/overview/
92602,3,USED,2003,Cadillac,DeVille Base,,8995,Gasoline,Gold,,,,FWD,4-Speed Automatic,4.6,8,29046,4.1,https://www.cars.com/vehicledetail/detail/795081600/overview/
92602,3,NEW,2019,Hyundai,Ioniq Hybrid Limited,,27128,Hybrid,Symphony Air Silver,55,Beige,54,FWD,6-Speed Automatic with Auto-Shift,1.6,6,16,4.3,https://www.cars.com/vehicledetail/detail/761135982/overview/
92602,3,NEW,2020,Nissan,Versa S,,15985,Gasoline,Black,27,Charcoal,35,FWD,Automatic CVT,1.6,6,10,4.6,https://www.cars.com/vehicledetail/detail/804137511/overview/
92602,3,NEW,2020,Nissan,Rogue Sport SV,,24025,Gasoline,Brilliant Silver Metallic,25,Light Gray,32,FWD,Variable,,,1,4.7,https://www.cars.com/vehicledetail/detail/806922600/overview/
92602,3,NEW,2020,Nissan,Versa 1.6 SV,,16558,Gasoline,Black,32,,40,FWD,Automatic CVT,1.6,6,10,4.6,https://www.cars.com/vehicledetail/detail/788462261/overview/
92602,3,NEW,2020,Nissan,Versa 1.6 SV,,16908,Gasoline,Scarlet Ember,32,,40,FWD,Automatic CVT,1.6,6,6,4.6,https://www.cars.com/vehicledetail/detail/794285645/overview/
92602,3,NEW,2020,Volvo,V60 Cross Country T5,,47374,Gasoline,Pine Green,22,Amber,31,AWD,8-Speed Automatic,2.0,6,0,4.4,https://www.cars.com/vehicledetail/detail/789925704/overview/
92602,3,NEW,2020,Nissan,Versa 1.6 SR,,17141,Gasoline,Electric Blue Metallic,32,Gray,40,FWD,Automatic CVT,1.6,6,11,4.6,https://www.cars.com/vehicledetail/detail/787062685/overview/
92602,3,NEW,2020,Nissan,Versa 1.6 SR,,17491,Gasoline,Monarch Orange,32,Gray,40,FWD,Automatic CVT,1.6,6,6,4.6,https://www.cars.com/vehicledetail/detail/793658331/overview/
92602,3,NEW,2020,Nissan,Rogue Sport SV,,24110,Gasoline,Pearl White Tricoat,25,Light Gray,32,FWD,Variable,,,1,4.7,https://www.cars.com/vehicledetail/detail/806922612/overview/
92602,3,NEW,2020,Nissan,Versa SV,,17905,Gasoline,Aspen White Tricoat Pearl,32,Graphite,40,FWD,Variable,,,2,4.6,https://www.cars.com/vehicledetail/detail/806922589/overview/
92602,3,USED,2017,Chevrolet,Trax LS,,9799,Gasoline,Silver Ice Metallic,25,Jet Black,33,FWD,6-Speed Automatic,1.4,6,23097,4.6,https://www.cars.com/vehicledetail/detail/785118940/overview/
92602,3,NEW,2020,Nissan,Versa SV,,17875,Gasoline,Scarlet Ember Pearl Metallic,32,Graphite,40,FWD,Variable,,,2,4.6,https://www.cars.com/vehicledetail/detail/806922593/overview/
92602,3,USED,2013,Nissan,Leaf SV,,5489,Electric,Glacier Pearl,129,Black,102,FWD,1-Speed Automatic,,,61329,4.1,https://www.cars.com/vehicledetail/detail/805417782/overview/
92602,3,NEW,2020,Nissan,Versa SV,,17600,Gasoline,Brilliant Silver Metallic,32,Graphite,40,FWD,Variable,,,2,4.6,https://www.cars.com/vehicledetail/detail/806922599/overview/
92602,3,NEW,2020,Volvo,V60 Cross Country T5,,,Gasoline,Pebble Grey,22,Amber,31,AWD,8-Speed Automatic,2.0,6,14,4.4,https://www.cars.com/vehicledetail/detail/800653193/overview/
92602,3,NEW,2019,Nissan,Titan SV,,32590,Gasoline,Gun Metallic,15,Black,21,RWD,7-Speed Automatic,5.6,8,10,4.2,https://www.cars.com/vehicledetail/detail/782779528/overview/
92602,3,USED,2014,Mitsubishi,Lancer Ralliart,,13899,Gasoline,Tarmac Black Pearl,18,Black,25,AWD,6-Speed Automatic with Auto-Shift,2.0,6,69228,3.9,https://www.cars.com/vehicledetail/detail/808006246/overview/
92602,3,NEW,2020,Nissan,Versa SV,,17640,Gasoline,Aspen White Tricoat Pearl,32,Graphite,40,FWD,Variable,,,2,4.6,https://www.cars.com/vehicledetail/detail/806922732/overview/
92602,3,NEW,2019,GMC,Acadia Denali,,37692,Gasoline,White Frost,18,Jet Black,25,FWD,6-Speed Automatic,3.6,6,2,4.5,https://www.cars.com/vehicledetail/detail/805536687/overview/
92602,3,USED,2012,Maserati,GranTurismo S Automatic,,29699,Gasoline,Gray,13,Red,21,RWD,6-Speed Automatic,4.7,8,46394,4.8,https://www.cars.com/vehicledetail/detail/801663239/overview/
92602,3,USED,2018,BMW,M760 i xDrive,,89900,Gasoline,Ruby Black Metallic,13,Fiona Red / Black,20,AWD,8-Speed Automatic,6.6,12,11087,,https://www.cars.com/vehicledetail/detail/802185870/overview/
92602,3,NEW,2020,Nissan,Rogue Sport SL,,27430,Gasoline,Pearl White Tricoat,25,Light Gray,32,FWD,Variable,,,1,4.7,https://www.cars.com/vehicledetail/detail/806922595/overview/
92602,3,NEW,2020,Nissan,Versa 1.6 SV,,16908,Gasoline,Scarlet Ember,32,,40,FWD,Automatic CVT,1.6,6,15,4.6,https://www.cars.com/vehicledetail/detail/788890636/overview/
92602,3,NEW,2019,Mitsubishi,Outlander PHEV GT,,36957,Hybrid,Mercury Gray Metallic,,Black,,4WD,1-Speed Automatic,2.0,6,10,4.6,https://www.cars.com/vehicledetail/detail/775255625/overview/
92602,3,NEW,2020,Nissan,Rogue Sport SV,,23505,Gasoline,Brilliant Silver Metallic,25,Light Gray,32,FWD,Variable,,,1,4.7,https://www.cars.com/vehicledetail/detail/806922734/overview/
92602,3,NEW,2020,Nissan,Kicks SV,,20885,Gasoline,Brilliant Silver,31,Charcoal,36,FWD,Automatic CVT,1.6,6,0,4,https://www.cars.com/vehicledetail/detail/804123044/overview/
92602,3,NEW,2020,Nissan,Versa SV,,17480,Gasoline,Gun Metallic,32,Graphite,40,FWD,Variable,,,9,4.6,https://www.cars.com/vehicledetail/detail/806922731/overview/
92602,3,NEW,2020,Nissan,Versa S,,15985,Gasoline,Brilliant Silver Metallic,27,Charcoal,35,FWD,Automatic CVT,1.6,6,10,4.6,https://www.cars.com/vehicledetail/detail/804137509/overview/
92602,3,USED,2018,BMW,230 i,,23988,Gasoline,Mediterranean Blue Metallic,24,Black,35,RWD,6-Speed Manual,2.0,6,38478,4.8,https://www.cars.com/vehicledetail/detail/808600575/overview/
92602,3,USED,2011,Hyundai,Genesis Coupe 2.0T,,9950,Gasoline,Bathurst Black,21,Black,30,RWD,5-Speed Automatic,2.0,6,40623,4.5,https://www.cars.com/vehicledetail/detail/807638815/overview/
92602,3,USED,2016,BMW,740 i,,29980,Gasoline,Black,21,Tan,29,RWD,8-Speed Automatic,3.0,4,21110,5,https://www.cars.com/vehicledetail/detail/807139046/overview/
92602,3,NEW,2020,Nissan,Versa S,,15985,Gasoline,Black,27,Charcoal,35,FWD,Automatic CVT,1.6,6,10,4.6,https://www.cars.com/vehicledetail/detail/804137508/overview/
92602,3,NEW,2020,Cadillac,CT5 Luxury RWD,,37956,Gasoline,Black Raven,23,Jet Black,32,RWD,10-Speed Automatic,2.0,6,,4.4,https://www.cars.com/vehicledetail/detail/803541117/overview/
92602,3,NEW,2020,Cadillac,CT6-V 4.2L Blackwing Twin Turbo,,105605,Gasoline,Steel Metallic,14,Jet Black,25,AWD,10-Speed Automatic,4.2,8,,,https://www.cars.com/vehicledetail/detail/802805231/overview/
92602,3,NEW,2020,Nissan,Versa SV,,17640,Gasoline,Aspen White Tricoat Pearl,32,Graphite,40,FWD,Variable,,,2,4.6,https://www.cars.com/vehicledetail/detail/806922720/overview/
92602,3,NEW,2020,Cadillac,CT5 Luxury RWD,,37956,Gasoline,Summit White,23,Jet Black,32,RWD,10-Speed Automatic,2.0,6,,4.4,https://www.cars.com/vehicledetail/detail/801388167/overview/
92602,4,USED,2017,Mercedes-Benz,GLS 550 Base 4MATIC,,43995,Gasoline,Polar White,14,Black,18,AWD,9-Speed Automatic,4.7,8,65157,4.9,https://www.cars.com/vehicledetail/detail/799887315/overview/
92602,4,NEW,2020,Toyota,Corolla Hybrid LE,,28150,Hybrid,Blizzard Pearl,53,Black,52,FWD,Automatic CVT,1.8,6,5555,4.6,https://www.cars.com/vehicledetail/detail/808572659/overview/
92602,4,NEW,2020,Nissan,Versa SR,,18110,Gasoline,Gun Metallic,32,Sport Interior,40,FWD,Variable,,,2,4.6,https://www.cars.com/vehicledetail/detail/806922742/overview/
92602,4,NEW,2020,Nissan,Kicks SR,,21855,Gasoline,Super Black,31,Charcoal,36,FWD,Automatic CVT,1.6,6,0,4,https://www.cars.com/vehicledetail/detail/796921451/overview/
92602,4,NEW,2020,Volvo,V60 Cross Country T5,,45856,Gasoline,Osmium Gray,22,Charcoal,31,AWD,8-Speed Automatic,2.0,6,0,4.4,https://www.cars.com/vehicledetail/detail/798492087/overview/
92602,4,NEW,2020,Cadillac,XT4 Luxury,,35600,Gasoline,Black Metallic,22,Light Platinum / Jet Black,29,FWD,9-Speed Automatic,2.0,6,,4.9,https://www.cars.com/vehicledetail/detail/808125389/overview/
92602,4,USED,2017,Chevrolet,Trax LS,,10699,Gasoline,Summit White,25,Jet Black,33,FWD,6-Speed Automatic,1.4,6,8023,4.6,https://www.cars.com/vehicledetail/detail/790023478/overview/
92602,4,NEW,2020,Nissan,Kicks SR,,21505,Gasoline,Brilliant Silver,31,Charcoal,36,FWD,Automatic CVT,1.6,6,0,4,https://www.cars.com/vehicledetail/detail/800452003/overview/
92602,4,NEW,2020,Kia,Niro EX Premium,,,Hybrid,Deep Cerulean,51,Light Gray,46,FWD,6-Speed Automatic with Auto-Shift,1.6,6,14,4,https://www.cars.com/vehicledetail/detail/806796950/overview/
92602,4,USED,2017,INFINITI,Q60 3.0T Premium,,24588,Gasoline,Graphite Shadow,19,Graphite,28,RWD,7-Speed Automatic,3.0,6,48890,4.4,https://www.cars.com/vehicledetail/detail/800423177/overview/
92602,4,NEW,2020,Nissan,Kicks SV,,20994,Gasoline,Deep Blue Pearl / Fresh Powder,31,Charcoal,36,FWD,Automatic CVT,1.6,6,25,4,https://www.cars.com/vehicledetail/detail/797006489/overview/
92602,4,NEW,2020,Ford,EcoSport SE,,23040,Gasoline,White Platinum Clearcoat Metallic,27,Ebony Black,29,4WD,6-Speed Automatic,2.0,,5,4.2,https://www.cars.com/vehicledetail/detail/808588574/overview/
92602,4,NEW,2020,Nissan,Versa 1.6 SV,,17905,Gasoline,Scarlet Ember,32,Graphite,40,FWD,Automatic CVT,1.6,6,0,4.6,https://www.cars.com/vehicledetail/detail/796921373/overview/
92602,4,USED,2017,Nissan,Sentra SV,,10499,Gasoline,Brilliant Silver,29,Charcoal,37,FWD,Automatic CVT,1.8,6,30393,4.7,https://www.cars.com/vehicledetail/detail/807905660/overview/
92602,4,USED,2011,Lexus,HS 250h Premium,,14590,Hybrid,Silver,35,Black,34,FWD,Automatic CVT,2.4,6,79754,4.6,https://www.cars.com/vehicledetail/detail/807593231/overview/?isShippableInsideSearchRadius
92602,4,USED,2014,Chevrolet,SS Base,,27799,Gasoline,Phantom Black Metallic,14,Jet Black,21,RWD,6-Speed Automatic,6.2,8,54861,4.8,https://www.cars.com/vehicledetail/detail/786383555/overview/
92602,4,NEW,2020,Cadillac,XT4 Sport,,43935,Gasoline,Red,24,Jet Black,30,FWD,9-Speed Automatic,2.0,6,,4.9,https://www.cars.com/vehicledetail/detail/808125694/overview/
92602,4,NEW,2019,Mitsubishi,Mirage RF,,12492,Gasoline,Pearl White,36,Black,43,FWD,Automatic CVT,1.2,2,6,4.2,https://www.cars.com/vehicledetail/detail/776021224/overview/
92602,4,NEW,2020,Nissan,Kicks SV,,21690,Gasoline,Aspen White / Super Black,31,Charcoal,36,FWD,Automatic CVT,1.6,6,0,4,https://www.cars.com/vehicledetail/detail/796921463/overview/
92602,4,NEW,2020,Nissan,Versa 1.6 SR,,18475,Gasoline,Scarlet Ember,32,Gray,40,FWD,Automatic CVT,1.6,6,0,4.6,https://www.cars.com/vehicledetail/detail/792829492/overview/
92602,4,NEW,2020,Cadillac,CT5 Premium Luxury RWD,,45004,Gasoline,Wave Metallic,23,Jet Black,32,RWD,10-Speed Automatic,2.0,6,,4.4,https://www.cars.com/vehicledetail/detail/801388162/overview/
92602,4,NEW,2020,Nissan,Rogue Sport SV,,22391,Gasoline,Gun Metallic,25,,32,FWD,Automatic CVT,2.0,6,2,4.7,https://www.cars.com/vehicledetail/detail/795265063/overview/
92602,4,NEW,2020,BMW,440i,,,Gasoline,Estoril Blue Metallic,,Black w/Blue Stitching,,RWD,Automatic,,,12,,https://www.cars.com/vehicledetail/detail/787109704/overview/
92602,4,NEW,2019,Nissan,Titan XD SV,,43499,Diesel,Gun Metallic,,Black,,4WD,6-Speed Automatic,5.0,8,31,4.8,https://www.cars.com/vehicledetail/detail/786986837/overview/
92602,4,NEW,2020,Nissan,Versa SV,,17480,Gasoline,Gun Metallic,32,Graphite,40,FWD,Variable,,,2,4.6,https://www.cars.com/vehicledetail/detail/806922591/overview/
92602,4,USED,2020,BMW,X1 sDrive28i,,33388,Gasoline,Jet Black,24,Black,33,FWD,8-Speed Automatic,2.0,6,3944,5,https://www.cars.com/vehicledetail/detail/808334989/overview/
92602,4,NEW,2020,BMW,430i,,,Gasoline,Glacier Silver Metallic,,Black,,RWD,Automatic,,,9,,https://www.cars.com/vehicledetail/detail/784162462/overview/
92602,4,NEW,2020,Cadillac,CT5 Premium Luxury RWD,,46682,Gasoline,Crystal White,23,Jet Black,32,RWD,10-Speed Automatic,2.0,6,,4.4,https://www.cars.com/vehicledetail/detail/804840062/overview/
92602,4,USED,2006,Volkswagen,Touareg V6,,4995,Unknown,Blueish,16,Black,21,4X4,Automatic,3.2,6,166698,4.4,https://www.cars.com/vehicledetail/detail/801544427/overview/
92602,4,NEW,2020,Nissan,Kicks S,,19178,Gasoline,Fresh Powder,31,Charcoal,36,FWD,Automatic CVT,1.6,6,25,4,https://www.cars.com/vehicledetail/detail/796716504/overview/
92602,4,NEW,2020,Nissan,Versa SR,,20175,Gasoline,Gun Metallic,32,Sport Interior,40,FWD,Variable,,,1,4.6,https://www.cars.com/vehicledetail/detail/806922603/overview/
92602,4,NEW,2019,Mitsubishi,Outlander PHEV SEL,,31501,Hybrid,Pearl White,,Black,,4WD,1-Speed Automatic,2.0,6,5,4.6,https://www.cars.com/vehicledetail/detail/774076741/overview/
92602,4,NEW,2020,Cadillac,CT5 Premium Luxury RWD,,46650,Gasoline,Crystal White,23,Jet Black,32,RWD,10-Speed Automatic,2.0,6,6,4.4,https://www.cars.com/vehicledetail/detail/804316138/overview/
92602,4,NEW,2020,Nissan,Versa S,,16243,Gasoline,Brilliant Silver Metallic,27,Charcoal,35,FWD,Automatic CVT,1.6,6,10,4.6,https://www.cars.com/vehicledetail/detail/802562153/overview/
92602,4,USED,2009,Buick,Enclave CXL,,9899,Gasoline,Cocoa Metallic,16,Cashmere / Cocoa,22,AWD,6-Speed Automatic,3.6,6,58770,4.1,https://www.cars.com/vehicledetail/detail/806451411/overview/
92602,4,NEW,2020,Mercedes-Benz,AMG G 63 Base,,170895,Gasoline,Designo Diamond White Metallic,13,Macchiato Beige,15,AWD,9-Speed Automatic,4.0,8,1,3,https://www.cars.com/vehicledetail/detail/806975275/overview/
92602,4,NEW,2020,Nissan,Versa S,,16243,Gasoline,Black,27,Charcoal,35,FWD,Automatic CVT,1.6,6,10,4.6,https://www.cars.com/vehicledetail/detail/802562012/overview/
92602,4,NEW,2020,Cadillac,CT6-V 4.2L Blackwing Twin Turbo,,,Gasoline,Manhattan Noir Metallic,14,Jet Black,25,AWD,10-Speed Automatic,4.2,8,9,,https://www.cars.com/vehicledetail/detail/806222751/overview/
92602,4,NEW,2019,Mitsubishi,Outlander PHEV SEL,,36763,Hybrid,Mercury Gray Metallic,,Black,,4WD,1-Speed Automatic,2.0,6,5,4.6,https://www.cars.com/vehicledetail/detail/774506386/overview/
92602,4,USED,2005,Cadillac,XLR Base,,14999,Gasoline,Silver,17,Beige,25,RWD,5-Speed Automatic,4.6,8,61901,4.8,https://www.cars.com/vehicledetail/detail/806831144/overview/
92602,4,NEW,2020,MINI,Hardtop Cooper S,,33160,Gasoline,Solaris Orange Metallic,26,Carbon Black,35,FWD,7-Speed Automatic with Auto-Shift,2.0,6,10,,https://www.cars.com/vehicledetail/detail/808586189/overview/
92602,4,USED,2012,Nissan,SV,,21995,Gasoline,Blizzard,,Gray,,RWD,Automatic,5.6,8,78592,,https://www.cars.com/vehicledetail/detail/737297299/overview/
92602,4,USED,2016,Scion,iA Base,,6199,Gasoline,Sapphire,31,Midnight Blue,41,FWD,6-Speed Automatic,1.5,6,65244,4,https://www.cars.com/vehicledetail/detail/805379513/overview/
92602,4,USED,2016,Chrysler,200 S,,11698,Gasoline,Billet Silver Metallic Clearcoat,18,Black,29,FWD,9-Speed Automatic,2.4,6,37060,4.5,https://www.cars.com/vehicledetail/detail/801114599/overview/
92602,4,NEW,2020,Cadillac,CT5 Premium Luxury AWD,,51608,Gasoline,Steel Metallic,21,Jet Black,31,AWD,10-Speed Automatic,2.0,6,,4.4,https://www.cars.com/vehicledetail/detail/802805239/overview/
92602,4,USED,2017,Bentley,Flying Spur V8 S,,138890,Gasoline,Anthracite Metallic,14,Beluga,24,AWD,Automatic,,,12227,5,https://www.cars.com/vehicledetail/detail/785642712/overview/
92602,4,NEW,2020,Nissan,Versa 1.6 SR,,18595,Gasoline,Scarlet Ember,32,Gray,40,FWD,Automatic CVT,1.6,6,0,4.6,https://www.cars.com/vehicledetail/detail/792829326/overview/
92602,4,NEW,2020,Ford,EcoSport SES,,,Gasoline,Smoke Metallic,23,Ebony Black,29,4WD,6-Speed Automatic,2.0,6,3,4.2,https://www.cars.com/vehicledetail/detail/790020659/overview/
92602,4,USED,2016,Hyundai,Elantra SE,,8499,Gasoline,Symphony Silver,27,Gray,37,FWD,6-Speed Automatic,1.8,6,61961,4.6,https://www.cars.com/vehicledetail/detail/806718307/overview/
92602,4,USED,2014,Nissan,Pathfinder Hybrid SL,,12099,Hybrid,Cayenne Red,25,Almond,27,FWD,Automatic CVT,2.5,6,60629,4.4,https://www.cars.com/vehicledetail/detail/768386518/overview/
92602,4,NEW,2020,Ford,EcoSport SE,,21940,Gasoline,Smoke Metallic,27,Ebony Black,29,FWD,6-Speed Automatic,1.0,,5,4.2,https://www.cars.com/vehicledetail/detail/808588572/overview/
92602,4,NEW,2020,Jeep,Renegade Trailhawk,,23825,Gasoline,Black Clearcoat,22,Black,27,4WD,9-Speed Automatic,1.3,6,16,4.6,https://www.cars.com/vehicledetail/detail/797581549/overview/
92602,4,USED,2006,Lexus,LS 430,,9999,Gasoline,Flint Mica,18,Black,25,RWD,Automatic,4.3,8,113422,4.6,https://www.cars.com/vehicledetail/detail/804735083/overview/
92602,4,NEW,2020,Nissan,Versa S,,15985,Gasoline,Black,27,Charcoal,35,FWD,Automatic CVT,1.6,6,213,4.6,https://www.cars.com/vehicledetail/detail/807762017/overview/
92602,4,NEW,2020,Ford,EcoSport SE,,21940,Gasoline,Smoke Metallic,27,Ebony Black,29,FWD,6-Speed Automatic,1.0,,5,4.2,https://www.cars.com/vehicledetail/detail/808588467/overview/
92602,4,USED,2012,Chrysler,Town & Country Touring,,10999,E85 Flex Fuel,Silver,17,Black / Light Graystone,25,FWD,Automatic,3.6,6,80147,4.5,https://www.cars.com/vehicledetail/detail/806467245/overview/
92602,4,NEW,2020,Nissan,Versa 1.6 SV,,17928,Gasoline,Monarch Orange,32,Graphite,40,FWD,Automatic CVT,1.6,6,10,4.6,https://www.cars.com/vehicledetail/detail/783254538/overview/
92602,4,NEW,2020,Buick,Encore GX Preferred,,23031,Gasoline,Satin Steel Gray Metallic,26,Whisper Beige,29,FWD,Automatic CVT,1.2,2,6,4.2,https://www.cars.com/vehicledetail/detail/805345912/overview/
92602,4,NEW,2019,Mitsubishi,Outlander PHEV GT,,37013,Hybrid,Quartz Brown Metallic,,Black,,4WD,1-Speed Automatic,2.0,6,7,4.6,https://www.cars.com/vehicledetail/detail/775255511/overview/
92602,4,USED,2012,Mercedes-Benz,BASE,,29995,Diesel,White,,Gray,,RWD,5-Speed Automatic,3.0,6,65985,,https://www.cars.com/vehicledetail/detail/658875679/overview/
92602,4,NEW,2020,Ford,EcoSport SE,,21940,Gasoline,Silver Metallic,27,Ebony Black,29,FWD,6-Speed Automatic,1.0,,5,4.2,https://www.cars.com/vehicledetail/detail/808588568/overview/
92602,4,NEW,2020,Nissan,Versa S,,16243,Gasoline,Brilliant Silver Metallic,27,Charcoal,35,FWD,Automatic CVT,1.6,6,10,4.6,https://www.cars.com/vehicledetail/detail/802562066/overview/
92602,4,NEW,2019,BMW,330i,,,Gasoline,Glacier Silver Metallic,,Black,,RWD,Automatic,,,34,,https://www.cars.com/vehicledetail/detail/770574993/overview/
92602,4,NEW,2020,Nissan,Versa S,,15985,Gasoline,Gun Metallic,27,Charcoal,35,FWD,Automatic CVT,1.6,6,10,4.6,https://www.cars.com/vehicledetail/detail/804137513/overview/
92602,4,NEW,2020,Jaguar,I-PACE EV400 HSE,,,Gasoline,Fuji White,,Ebony / Ebony,,AWD,Automatic,,,10,,https://www.cars.com/vehicledetail/detail/805182494/overview/
92602,4,USED,2016,Lexus,RC 200t Base,,25995,Gasoline,Nebula Gray Pearl,22,Black,32,RWD,8-Speed Automatic,2.0,6,29878,4.8,https://www.cars.com/vehicledetail/detail/803662750/overview/
92602,4,NEW,2020,Nissan,Rogue Sport SV,,23520,Gasoline,Magnetic Black,25,,32,FWD,Automatic CVT,2.0,6,4,4.7,https://www.cars.com/vehicledetail/detail/795524927/overview/
92602,4,USED,2009,Volkswagen,Routan SE,,4995,Gasoline,Gold,16,,23,FWD,6-Speed Automatic,3.8,6,97362,4.1,https://www.cars.com/vehicledetail/detail/806827172/overview/
92602,4,NEW,2019,Mitsubishi,Outlander PHEV SEL,,31038,Hybrid,Rally Red Metallic,,Gray,,4WD,1-Speed Automatic,2.0,6,12,4.6,https://www.cars.com/vehicledetail/detail/777175590/overview/
92602,4,NEW,2020,MINI,Convertible Cooper S,,41500,Gasoline,Melting Silver Metallic,26,Carbon Black,34,FWD,7-Speed Automatic with Auto-Shift,2.0,6,10,,https://www.cars.com/vehicledetail/detail/808586237/overview/
92602,4,USED,2008,Maserati,GranTurismo,,29999,Gasoline,Midnight Blue,13,Cream,19,RWD,6-Speed Automatic,4.2,8,32700,4.5,https://www.cars.com/vehicledetail/detail/795524579/overview/
92602,4,USED,2016,Buick,Encore Base,,12599,Gasoline,Riverrock Metallic,23,Ebony,30,FWD,6-Speed Automatic,1.4,6,19824,4.7,https://www.cars.com/vehicledetail/detail/803551206/overview/
92602,4,USED,2015,Ferrari,458 Speciale,,368888,Gasoline,Bianco Avus,13,,17,RWD,7-Speed Automatic with Auto-Shift,4.5,8,3822,5,https://www.cars.com/vehicledetail/detail/804778764/overview/
92602,4,NEW,2020,Nissan,Kicks SV,,20479,Gasoline,Super Black,31,Charcoal,36,FWD,Automatic CVT,1.6,6,25,4,https://www.cars.com/vehicledetail/detail/806422358/overview/
92602,4,NEW,2020,Cadillac,CT5 Sport AWD,,49913,Gasoline,Shadow,21,Jet Black,31,AWD,10-Speed Automatic,2.0,6,,4.4,https://www.cars.com/vehicledetail/detail/804839875/overview/
92602,4,NEW,2020,Nissan,Rogue SV,,28300,Gasoline,White,26,Beige,33,FWD,Automatic CVT,2.5,6,0,4.6,https://www.cars.com/vehicledetail/detail/803275866/overview/
92602,4,USED,2016,Bentley,Mulsanne Speed,,128495,E85 Flex Fuel,Extreme Silver Metallic,11,Beluga,18,RWD,8-Speed Automatic,6.8,8,37869,5,https://www.cars.com/vehicledetail/detail/800146680/overview/
92602,4,NEW,2020,Ford,EcoSport SE,,21940,Gasoline,Diamond White,27,Medium Light Stone,29,FWD,6-Speed Automatic,1.0,,5,4.2,https://www.cars.com/vehicledetail/detail/808588465/overview/
92602,4,USED,2019,Lincoln,Navigator L Select,,65995,Gasoline,Infinite Black Metallic,16,Ebony,22,RWD,10-Speed Automatic,3.5,6,25464,4,https://www.cars.com/vehicledetail/detail/808393967/overview/
92602,4,NEW,2020,BMW,740i,,,Gasoline,Black Sapphire Metallic,,Black,,RWD,Automatic,,,11,,https://www.cars.com/vehicledetail/detail/787877356/overview/
92602,4,NEW,2020,Nissan,Versa 1.6 SV,,17480,Gasoline,Brilliant Silver Metallic,32,Graphite,40,FWD,Automatic CVT,1.6,6,0,4.6,https://www.cars.com/vehicledetail/detail/792829516/overview/
92602,4,USED,2006,Ford,F-250 Lariat,,17995,Diesel,Medium Wedgewood Blue Clearcoat,,,,4WD,5-Speed Automatic,6.0,8,86937,4.1,https://www.cars.com/vehicledetail/detail/808328172/overview/
92602,4,USED,2013,Mercedes-Benz,BASE,,29995,Diesel,White,,Gray,,RWD,5-Speed Automatic,3.0,6,79827,,https://www.cars.com/vehicledetail/detail/628010752/overview/
92602,4,NEW,2019,Cadillac,ATS 2.0L Turbo,,34990,Gasoline,Steel Metallic,21,Jet Black,29,RWD,8-Speed Automatic,2.0,6,,,https://www.cars.com/vehicledetail/detail/800381573/overview/
92602,4,USED,2003,Chevrolet,Astro LS,,7995,Gasoline,White,15,Grey,20,AWD,Automatic,4.3,6,102664,4.1,https://www.cars.com/vehicledetail/detail/807205598/overview/
92602,4,USED,2013,Audi,S7 4.0T Prestige quattro,,23950,Gasoline,,,,,AWD,7-Speed Automatic with Auto-Shift,4.0,8,86938,5,https://www.cars.com/vehicledetail/detail/808572304/overview/
92602,4,USED,2017,Nissan,Sentra SV,,9599,Gasoline,Red Alert,29,Charcoal,37,FWD,Automatic CVT,1.8,6,52884,4.7,https://www.cars.com/vehicledetail/detail/807099158/overview/
92602,4,NEW,2020,Ford,EcoSport SE,,21940,Gasoline,Diamond White,27,Ebony Black,29,FWD,6-Speed Automatic,1.0,,5,4.2,https://www.cars.com/vehicledetail/detail/808588573/overview/
92602,4,USED,2018,BMW,640 Gran Turismo i xDrive,,41900,Gasoline,Dark Graphite Metallic,20,Black,28,AWD,8-Speed Automatic,3.0,4,22981,4.8,https://www.cars.com/vehicledetail/detail/803397544/overview/
